Day,Campaign Name,Ad Set Name,Ad Name,Reach,Impressions,Frequency,Amount Spent,Link Clicks,CPC (Cost per Link Click),CTR (Link Click-Through Rate),Messaging Conversations Started,Cost per Messaging Conversations Started
2025-06-03,游끥 (Abril 2025) Llantas 4X3 - T01,01_Toluca_Abierto,游끥 (Abril) Continental 4x3,5273,5573,1.06,133.45,28,4.77,0.5,4,33.36
2025-06-03,游끥 (Abril 2025) Llantas 4X3 - T01,01_Toluca_Abierto,游끥 (Abril) Tornel 4x3,1081,1163,1.08,21.28,9,2.36,0.77,1,21.28
2025-06-03,游끥 (Abril 2025) Amortiguadores - T01,01_Toluca_Abierto,游끥 (Abril) Amortiguadores,5624,6013,1.07,152.65,28,5.45,0.47,5,30.53
2025-06-04,游끥 (Abril 2025) Llantas 4X3 - T01,01_Toluca_Abierto,游끥 (Abril) Continental 4x3,2643,2801,1.06,54.76,30,1.83,1.07,14,3.91
2025-06-04,游끥 (Abril 2025) Llantas 4X3 - T01,01_Toluca_Abierto,游끥 (Abril) Tornel 4x3,7610,8767,1.15,119.2,83,1.44,0.95,36,3.31
2025-06-04,游끥 (Abril 2025) Amortiguadores - T01,01_Toluca_Abierto,游끥 (Abril) Amortiguadores,8508,9785,1.15,173.89,77,2.26,0.79,26,6.69
2025-06-05,游끥 (Abril 2025) Llantas 4X3 - T01,01_Toluca_Abierto,游끥 (Abril) Continental 4x3,730,827,1.13,14.03,13,1.08,1.57,3,4.68
2025-06-05,游끥 (Abril 2025) Llantas 4X3 - T01,01_Toluca_Abierto,游끥 (Abril) Tornel 4x3,10640,12062,1.13,119.59,102,1.17,0.85,40,2.99
2025-06-05,游끥 (Abril 2025) Amortiguadores - T01,01_Toluca_Abierto,游끥 (Abril) Amortiguadores,8177,9527,1.17,135.71,77,1.76,0.81,22,6.17
2025-06-05,NS_MesPadre_Junio2025-T01,01_Toluca_Abierto,Img1_Copy1,3321,3709,1.12,105.91,28,3.78,0.75,8,13.24
2025-06-06,游끥 (Abril 2025) Llantas 4X3 - T01,01_Toluca_Abierto,游끥 (Abril) Continental 4x3,1357,1445,1.06,16.16,15,1.08,1.04,7,2.31
2025-06-06,游끥 (Abril 2025) Llantas 4X3 - T01,01_Toluca_Abierto,游끥 (Abril) Tornel 4x3,11943,13398,1.12,112.15,87,1.29,0.65,33,3.4
2025-06-06,游끥 (Abril 2025) Amortiguadores - T01,01_Toluca_Abierto,游끥 (Abril) Amortiguadores,8633,10040,1.16,130.17,66,1.97,0.66,26,5.01
2025-06-06,NS_MesPadre_Junio2025-T01,01_Toluca_Abierto,Img1_Copy1,1275,1603,1.26,70.73,17,4.16,1.06,5,14.15
2025-06-07,游끥 (Abril 2025) Llantas 4X3 - T01,01_Toluca_Abierto,游끥 (Abril) Continental 4x3,982,1116,1.14,15.6,8,1.95,0.72,2,7.8
2025-06-07,游끥 (Abril 2025) Llantas 4X3 - T01,01_Toluca_Abierto,游끥 (Abril) Tornel 4x3,7025,8062,1.15,93.76,69,1.36,0.86,27,3.47
2025-06-07,游끥 (Abril 2025) Amortiguadores - T01,01_Toluca_Abierto,游끥 (Abril) Amortiguadores,7488,8545,1.14,107.58,44,2.44,0.51,13,8.28
2025-06-07,NS_MesPadre_Junio2025-T01,01_Toluca_Abierto,Img1_Copy1,1195,1701,1.42,81.96,21,3.9,1.23,5,16.39
2025-06-08,游끥 (Abril 2025) Llantas 4X3 - T01,01_Toluca_Abierto,游끥 (Abril) Continental 4x3,986,1147,1.16,15.48,11,1.41,0.96,2,7.74
2025-06-08,游끥 (Abril 2025) Llantas 4X3 - T01,01_Toluca_Abierto,游끥 (Abril) Tornel 4x3,7991,9226,1.15,103.48,70,1.48,0.76,22,4.7
2025-06-08,游끥 (Abril 2025) Amortiguadores - T01,01_Toluca_Abierto,游끥 (Abril) Amortiguadores,8386,9717,1.16,115.28,54,2.13,0.56,19,6.07
2025-06-08,NS_MesPadre_Junio2025-T01,01_Toluca_Abierto,Img1_Copy1,2454,3399,1.39,122.09,26,4.7,0.76,7,17.44
2025-06-09,游끥 (Abril 2025) Llantas 4X3 - T01,01_Toluca_Abierto,游끥 (Abril) Continental 4x3,1198,1350,1.13,17.28,15,1.15,1.11,8,2.16
2025-06-09,游끥 (Abril 2025) Llantas 4X3 - T01,01_Toluca_Abierto,游끥 (Abril) Tornel 4x3,6608,7641,1.16,85.72,65,1.32,0.85,25,3.43
2025-06-09,游끥 (Abril 2025) Amortiguadores - T01,01_Toluca_Abierto,游끥 (Abril) Amortiguadores,7197,8488,1.18,109.38,72,1.52,0.85,29,3.77
2025-06-09,NS_MesPadre_Junio2025-T01,01_Toluca_Abierto,Img1_Copy1,2184,3019,1.38,109.92,19,5.79,0.63,6,18.32
2025-06-10,游끥 (Abril 2025) Llantas 4X3 - T01,01_Toluca_Abierto,游끥 (Abril) Continental 4x3,914,1015,1.11,12.61,14,0.9,1.38,4,3.15
2025-06-10,游끥 (Abril 2025) Llantas 4X3 - T01,01_Toluca_Abierto,游끥 (Abril) Tornel 4x3,6771,7803,1.15,87.15,85,1.03,1.09,40,2.18
2025-06-10,游끥 (Abril 2025) Amortiguadores - T01,01_Toluca_Abierto,游끥 (Abril) Amortiguadores,5888,6866,1.17,95.89,63,1.52,0.92,28,3.42
2025-06-10,NS_MesPadre_Junio2025-T01,01_Toluca_Abierto,Img1_Copy1,1472,2100,1.43,96.83,25,3.87,1.19,4,24.21
2025-06-11,游끥 (Abril 2025) Llantas 4X3 - T01,01_Toluca_Abierto,游끥 (Abril) Continental 4x3,33,34,1.03,0.48,,,,,
2025-06-11,游끥 (Abril 2025) Llantas 4X3 - T01,01_Toluca_Abierto,游끥 (Abril) Tornel 4x3,8871,10405,1.17,94.35,73,1.29,0.7,29,3.25
2025-06-11,游끥 (Abril 2025) Amortiguadores - T01,01_Toluca_Abierto,游끥 (Abril) Amortiguadores,5842,6776,1.16,93.8,49,1.91,0.72,23,4.08
2025-06-11,NS_MesPadre_Junio2025-T01,01_Toluca_Abierto,Img1_Copy1,1545,2228,1.44,86.53,17,5.09,0.76,4,21.63
2025-06-11,NS_MesPadre_Junio2025-T02,01_Toluca_Abierto,Img1_Copy1,601,682,1.13,18.27,3,6.09,0.44,1,18.27
2025-06-11,NS_MesPadre_Junio2025-T02,01_Toluca_Abierto,Img2_Copy1,995,1252,1.26,34.11,16,2.13,1.28,4,8.53
2025-06-11,NS_MesPadre_Junio2025-T02,01_Toluca_Abierto,Img4_Copy1,9,9,1,0.92,,,,,
2025-06-11,NS_MesPadre_Junio2025-T02,01_Toluca_Abierto,Img3_Copy1,861,1082,1.26,25.82,11,2.35,1.02,3,8.61
2025-06-11,NS_MesPadre_Junio2025-T02,01_Toluca_Abierto,Img5_Copy1,18,20,1.11,0.35,,,,,
2025-06-11,NS_MesPadre_Junio2025-T02,01_Toluca_Abierto,Img6_Copy1,15,16,1.07,0.45,,,,,
2025-06-12,游끥 (Abril 2025) Llantas 4X3 - T01,01_Toluca_Abierto,游끥 (Abril) Continental 4x3,1081,1236,1.14,15.28,15,1.02,1.21,5,3.06
2025-06-12,游끥 (Abril 2025) Llantas 4X3 - T01,01_Toluca_Abierto,游끥 (Abril) Tornel 4x3,6539,7728,1.18,86.24,81,1.06,1.05,28,3.08
2025-06-12,游끥 (Abril 2025) Amortiguadores - T01,01_Toluca_Abierto,游끥 (Abril) Amortiguadores,5952,7118,1.2,97.73,53,1.84,0.74,21,4.65
2025-06-12,NS_MesPadre_Junio2025-T01,01_Toluca_Abierto,Img1_Copy1,290,342,1.18,17.41,1,17.41,0.29,1,17.41
2025-06-12,NS_MesPadre_Junio2025-T02,01_Toluca_Abierto,Img1_Copy1,138,174,1.26,9.13,1,9.13,0.57,1,9.13
2025-06-12,NS_MesPadre_Junio2025-T02,01_Toluca_Abierto,Img2_Copy1,1277,1762,1.38,74.73,16,4.67,0.91,3,24.91
2025-06-12,NS_MesPadre_Junio2025-T02,01_Toluca_Abierto,Img4_Copy1,8,12,1.5,1.12,4,0.28,33.33,1,1.12
2025-06-12,NS_MesPadre_Junio2025-T02,01_Toluca_Abierto,Img3_Copy1,254,322,1.27,10.73,4,2.68,1.24,,
2025-06-12,NS_MesPadre_Junio2025-T02,01_Toluca_Abierto,Img5_Copy1,22,28,1.27,1.4,,,,,
2025-06-12,NS_MesPadre_Junio2025-T02,01_Toluca_Abierto,Img6_Copy1,5,5,1,0.07,,,,,
2025-06-13,游끥 (Abril 2025) Llantas 4X3 - T01,01_Toluca_Abierto,游끥 (Abril) Tornel 4x3,5993,7145,1.19,92.76,53,1.75,0.74,19,4.88
2025-06-13,游끥 (Abril 2025) Amortiguadores - T01,01_Toluca_Abierto,游끥 (Abril) Amortiguadores,5915,6712,1.13,97.71,47,2.08,0.7,18,5.43
2025-06-13,NS_MesPadre_Junio2025-T02,01_Toluca_Abierto,Img1_Copy1,783,1028,1.31,42.07,11,3.82,1.07,5,8.41
2025-06-13,NS_MesPadre_Junio2025-T02,01_Toluca_Abierto,Img2_Copy1,553,694,1.25,33.13,11,3.01,1.59,5,6.63
2025-06-13,NS_MesPadre_Junio2025-T02,01_Toluca_Abierto,Img4_Copy1,40,49,1.23,2.58,,,,1,2.58
2025-06-13,NS_MesPadre_Junio2025-T02,01_Toluca_Abierto,Img3_Copy1,281,380,1.35,20.35,5,4.07,1.32,5,4.07
2025-06-13,NS_MesPadre_Junio2025-T02,01_Toluca_Abierto,Img5_Copy1,22,27,1.23,1.79,1,1.79,3.7,,
2025-06-13,NS_MesPadre_Junio2025-T02,01_Toluca_Abierto,Img6_Copy1,2,2,1,0.01,,,,,
2025-06-14,游끥 (Abril 2025) Llantas 4X3 - T01,01_Toluca_Abierto,游끥 (Abril) Continental 4x3,391,424,1.08,5.96,,,,,
2025-06-14,游끥 (Abril 2025) Llantas 4X3 - T01,01_Toluca_Abierto,游끥 (Abril) Tornel 4x3,5889,6822,1.16,82.77,53,1.56,0.78,20,4.14
2025-06-14,游끥 (Abril 2025) Amortiguadores - T01,01_Toluca_Abierto,游끥 (Abril) Amortiguadores,5763,6446,1.12,89.56,45,1.99,0.7,20,4.48
2025-06-14,NS_MesPadre_Junio2025-T02,01_Toluca_Abierto,Img1_Copy1,1238,1598,1.29,56.73,10,5.67,0.63,6,9.46
2025-06-14,NS_MesPadre_Junio2025-T02,01_Toluca_Abierto,Img2_Copy1,341,394,1.16,19.89,5,3.98,1.27,3,6.63
2025-06-14,NS_MesPadre_Junio2025-T02,01_Toluca_Abierto,Img4_Copy1,25,27,1.08,2.38,1,2.38,3.7,,
2025-06-14,NS_MesPadre_Junio2025-T02,01_Toluca_Abierto,Img3_Copy1,165,214,1.3,10.28,5,2.06,2.34,1,10.28
2025-06-14,NS_MesPadre_Junio2025-T02,01_Toluca_Abierto,Img5_Copy1,3,4,1.33,0.16,,,,,
2025-06-15,游끥 (Abril 2025) Llantas 4X3 - T01,01_Toluca_Abierto,游끥 (Abril) Continental 4x3,16,16,1,0.25,,,,,
2025-06-15,游끥 (Abril 2025) Llantas 4X3 - T01,01_Toluca_Abierto,游끥 (Abril) Tornel 4x3,9563,11111,1.16,111.57,77,1.45,0.69,29,3.85
2025-06-15,游끥 (Abril 2025) Amortiguadores - T01,01_Toluca_Abierto,游끥 (Abril) Amortiguadores,6700,7965,1.19,111.94,51,2.19,0.64,16,7
2025-06-15,NS_MesPadre_Junio2025-T02,01_Toluca_Abierto,Img1_Copy1,2093,2708,1.29,86.83,21,4.13,0.78,4,21.71
2025-06-15,NS_MesPadre_Junio2025-T02,01_Toluca_Abierto,Img2_Copy1,499,593,1.19,21.33,6,3.56,1.01,,
2025-06-15,NS_MesPadre_Junio2025-T02,01_Toluca_Abierto,Img4_Copy1,5,5,1,0.22,,,,,
2025-06-15,NS_MesPadre_Junio2025-T02,01_Toluca_Abierto,Img3_Copy1,302,378,1.25,10.66,2,5.33,0.53,1,10.66
2025-06-15,NS_MesPadre_Junio2025-T02,01_Toluca_Abierto,Img5_Copy1,1,1,1,0.01,,,,,
2025-06-15,NS_MesPadre_Junio2025-T02,01_Toluca_Abierto,Img6_Copy1,2,2,1,0.01,,,,,
2025-06-16,游끥 (Abril 2025) Llantas 4X3 - T01,01_Toluca_Abierto,游끥 (Abril) Continental 4x3,488,548,1.12,9.05,2,4.53,0.36,1,9.05
2025-06-16,游끥 (Abril 2025) Llantas 4X3 - T01,01_Toluca_Abierto,游끥 (Abril) Tornel 4x3,8580,10249,1.19,101.91,78,1.31,0.76,37,2.75
2025-06-16,游끥 (Abril 2025) Amortiguadores - T01,01_Toluca_Abierto,游끥 (Abril) Amortiguadores,8098,9408,1.16,112.42,63,1.78,0.67,24,4.68
2025-06-16,NS_MesPadre_Junio2025-T02,01_Toluca_Abierto,Img1_Copy1,2038,2641,1.3,94.9,30,3.16,1.14,12,7.91
2025-06-16,NS_MesPadre_Junio2025-T02,01_Toluca_Abierto,Img2_Copy1,123,141,1.15,4.9,1,4.9,0.71,1,4.9
2025-06-16,NS_MesPadre_Junio2025-T02,01_Toluca_Abierto,Img4_Copy1,17,17,1,0.65,,,,,
2025-06-16,NS_MesPadre_Junio2025-T02,01_Toluca_Abierto,Img3_Copy1,221,287,1.3,12.59,4,3.15,1.39,1,12.59
2025-06-17,游끥 (Abril 2025) Llantas 4X3 - T01,01_Toluca_Abierto,游끥 (Abril) Continental 4x3,479,536,1.12,7.13,5,1.43,0.93,,
2025-06-17,游끥 (Abril 2025) Llantas 4X3 - T01,01_Toluca_Abierto,游끥 (Abril) Tornel 4x3,6048,7420,1.23,93.57,72,1.3,0.97,30,3.12
2025-06-17,游끥 (Abril 2025) Amortiguadores - T01,01_Toluca_Abierto,游끥 (Abril) Amortiguadores,5780,6860,1.19,102.28,64,1.6,0.93,27,3.79
2025-06-17,NS_MesPadre_Junio2025-T02,01_Toluca_Abierto,Img1_Copy1,1637,2165,1.32,94.34,19,4.97,0.88,4,23.59
2025-06-17,NS_MesPadre_Junio2025-T02,01_Toluca_Abierto,Img2_Copy1,122,153,1.25,8.45,2,4.22,1.31,1,8.45
2025-06-17,NS_MesPadre_Junio2025-T02,01_Toluca_Abierto,Img4_Copy1,10,11,1.1,0.29,1,0.29,9.09,,
2025-06-17,NS_MesPadre_Junio2025-T02,01_Toluca_Abierto,Img3_Copy1,198,247,1.25,10.66,,,,,
2025-06-18,游끥 (Abril 2025) Llantas 4X3 - T01,01_Toluca_Abierto,游끥 (Abril) Continental 4x3,178,197,1.11,2.93,2,1.47,1.02,1,2.93
2025-06-18,游끥 (Abril 2025) Llantas 4X3 - T01,01_Toluca_Abierto,游끥 (Abril) Tornel 4x3,2888,3390,1.17,44.76,31,1.44,0.91,13,3.44
2025-06-18,游끥 (Abril 2025) Amortiguadores - T01,01_Toluca_Abierto,游끥 (Abril) Amortiguadores,2908,3406,1.17,46.88,21,2.23,0.62,10,4.69
2025-06-18,NS_MesPadre_Junio2025-T02,01_Toluca_Abierto,Img1_Copy1,785,1031,1.31,45.84,13,3.53,1.26,4,11.46
2025-06-18,NS_MesPadre_Junio2025-T02,01_Toluca_Abierto,Img2_Copy1,49,54,1.1,2.85,2,1.43,3.7,1,2.85
2025-06-18,NS_MesPadre_Junio2025-T02,01_Toluca_Abierto,Img4_Copy1,4,7,1.75,0.09,,,,,
2025-06-18,NS_MesPadre_Junio2025-T02,01_Toluca_Abierto,Img3_Copy1,71,82,1.15,3.95,1,3.95,1.22,,
2025-06-19,游끥 (Abril 2025) Llantas 4X3 - T01,01_Toluca_Abierto,游끥 (Abril) Tornel 4x3,3648,3991,1.09,47.99,33,1.45,0.83,13,3.69
2025-06-19,游끥 (Abril 2025) Amortiguadores - T01,01_Toluca_Abierto,游끥 (Abril) Amortiguadores,2715,2870,1.06,36.6,15,2.44,0.52,4,9.15
2025-06-19,NS_MesPadre_Junio2025-T02,01_Toluca_Abierto,Img4_Copy1,16,19,1.19,0.36,,,,,
2025-06-19,NS_MesPadre_Junio2025-T02,01_Toluca_Abierto,Img3_Copy1,450,628,1.4,13.78,2,6.89,0.32,,
2025-06-20,游끥 (Abril 2025) Llantas 4X3 - T01,01_Toluca_Abierto,游끥 (Abril) Continental 4x3,5469,6306,1.15,81.74,58,1.41,0.92,18,4.54
2025-06-20,游끥 (Abril 2025) Llantas 4X3 - T01,01_Toluca_Abierto,游끥 (Abril) Tornel 4x3,5580,6527,1.17,77.71,52,1.49,0.8,25,3.11
2025-06-20,游끥 (Abril 2025) Amortiguadores - T01,01_Toluca_Abierto,游끥 (Abril) Amortiguadores,10298,12447,1.21,158.54,78,2.03,0.63,23,6.89
2025-06-20,NS_MesPadre_Junio2025-T02,01_Toluca_Abierto,Img1_Copy1,0,0,0,0,,,,1,0
2025-06-20,NS_MesPadre_Junio2025-T02,01_Toluca_Abierto,Img4_Copy1,107,157,1.47,7.65,2,3.83,1.27,,
2025-06-20,NS_MesPadre_Junio2025-T02,01_Toluca_Abierto,Img3_Copy1,3113,4422,1.42,166.25,31,5.36,0.7,12,13.85
2025-06-21,游끥 (Abril 2025) Llantas 4X3 - T01,01_Toluca_Abierto,游끥 (Abril) Continental 4x3,1260,1373,1.09,16.73,13,1.29,0.95,8,2.09
2025-06-21,游끥 (Abril 2025) Llantas 4X3 - T01,01_Toluca_Abierto,游끥 (Abril) Tornel 4x3,6542,7763,1.19,104.38,60,1.74,0.77,21,4.97
2025-06-21,游끥 (Abril 2025) Amortiguadores - T01,01_Toluca_Abierto,游끥 (Abril) Amortiguadores,8587,10253,1.19,131.34,58,2.26,0.57,16,8.21
2025-06-21,NS_MesPadre_Junio2025-T02,01_Toluca_Abierto,Img4_Copy1,83,91,1.1,3.44,3,1.15,3.3,1,3.44
2025-06-21,NS_MesPadre_Junio2025-T02,01_Toluca_Abierto,Img3_Copy1,2325,3315,1.43,144.13,35,4.12,1.06,10,14.41
2025-06-22,游끥 (Abril 2025) Llantas 4X3 - T01,01_Toluca_Abierto,游끥 (Abril) Continental 4x3,2071,2327,1.12,26.61,29,0.92,1.25,11,2.42
2025-06-22,游끥 (Abril 2025) Llantas 4X3 - T01,01_Toluca_Abierto,游끥 (Abril) Tornel 4x3,5692,6708,1.18,87.45,58,1.51,0.86,24,3.64
2025-06-22,游끥 (Abril 2025) Amortiguadores - T01,01_Toluca_Abierto,游끥 (Abril) Amortiguadores,8668,9685,1.12,116.93,54,2.17,0.56,18,6.5
2025-06-22,NS_MesPadre_Junio2025-T02,01_Toluca_Abierto,Img4_Copy1,49,68,1.39,2.49,,,,,
2025-06-22,NS_MesPadre_Junio2025-T02,01_Toluca_Abierto,Img3_Copy1,1779,2557,1.44,120.89,24,5.04,0.94,7,17.27
2025-06-23,游끥 (Abril 2025) Llantas 4X3 - T01,01_Toluca_Abierto,游끥 (Abril) Continental 4x3,1946,2211,1.14,29.01,19,1.53,0.86,8,3.63
2025-06-23,游끥 (Abril 2025) Llantas 4X3 - T01,01_Toluca_Abierto,游끥 (Abril) Tornel 4x3,4859,5949,1.22,76.2,60,1.27,1.01,22,3.46
2025-06-23,游끥 (Abril 2025) Amortiguadores - T01,01_Toluca_Abierto,游끥 (Abril) Amortiguadores,7045,7910,1.12,101.7,45,2.26,0.57,23,4.42
2025-06-23,NS_MesPadre_Junio2025-T02,01_Toluca_Abierto,Img4_Copy1,72,107,1.49,5.67,1,5.67,0.93,2,2.84
2025-06-23,NS_MesPadre_Junio2025-T02,01_Toluca_Abierto,Img3_Copy1,893,1187,1.33,85.13,19,4.48,1.6,4,21.28
2025-06-23,(Local) Campa침a Caf칠 Gratis - Junio 2025,Conjunto de anuncios Crear anuncios que inicien conversaciones en WhatsApp 13/06/2025,Anuncio Crear anuncios que inicien conversaciones en WhatsApp 13/06/2025,764,847,1.11,18.02,1,18.02,0.12,,
2025-06-23,(TL) PP - Junio 2025 - T01,02_Estados Env칤o Gratis,02 - Carrito,34,35,1.03,2.57,,,,,
2025-06-23,(TL) PP - Junio 2025 - T01,01_Estados Env칤o Gratis -,01 - Testimonio,184,197,1.07,8.87,7,1.27,3.55,2,4.43
2025-06-23,(TL) PP - Junio 2025 - T01,03_Estados Env칤o Gratis,01 - VS,679,746,1.1,23.49,4,5.87,0.54,4,5.87
2025-06-24,游끥 (Abril 2025) Llantas 4X3 - T01,01_Toluca_Abierto,游끥 (Abril) Continental 4x3,1472,1632,1.11,28.09,17,1.65,1.04,7,4.01
2025-06-24,游끥 (Abril 2025) Llantas 4X3 - T01,01_Toluca_Abierto,游끥 (Abril) Tornel 4x3,4112,4992,1.21,70.59,50,1.41,1,17,4.15
2025-06-24,游끥 (Abril 2025) Amortiguadores - T01,01_Toluca_Abierto,游끥 (Abril) Amortiguadores,7003,8021,1.15,98.11,43,2.28,0.54,16,6.13
2025-06-24,(Local) Campa침a Caf칠 Gratis - Junio 2025,Conjunto de anuncios Crear anuncios que inicien conversaciones en WhatsApp 13/06/2025,Anuncio Crear anuncios que inicien conversaciones en WhatsApp 13/06/2025,1775,2280,1.28,62.17,11,5.65,0.48,4,15.54
2025-06-24,(TL) PP - Junio 2025 - T01,02_Estados Env칤o Gratis,02 - Carrito,41,43,1.05,4.13,2,2.07,4.65,2,2.07
2025-06-24,(TL) PP - Junio 2025 - T01,01_Estados Env칤o Gratis -,01 - Testimonio,961,1258,1.31,56.97,12,4.75,0.95,6,9.49
2025-06-24,(TL) PP - Junio 2025 - T01,03_Estados Env칤o Gratis,01 - VS,681,833,1.22,36.56,6,6.09,0.72,4,9.14
2025-06-25,游끥 (Abril 2025) Llantas 4X3 - T01,01_Toluca_Abierto,游끥 (Abril) Continental 4x3,1305,1501,1.15,29.98,23,1.3,1.53,10,3
2025-06-25,游끥 (Abril 2025) Llantas 4X3 - T01,01_Toluca_Abierto,游끥 (Abril) Tornel 4x3,3789,4856,1.28,69.18,48,1.44,0.99,16,4.32
2025-06-25,游끥 (Abril 2025) Amortiguadores - T01,01_Toluca_Abierto,游끥 (Abril) Amortiguadores,5801,6726,1.16,100.3,47,2.13,0.7,20,5.01
2025-06-25,(Local) Campa침a Caf칠 Gratis - Junio 2025,Conjunto de anuncios Crear anuncios que inicien conversaciones en WhatsApp 13/06/2025,Anuncio Crear anuncios que inicien conversaciones en WhatsApp 13/06/2025,1091,1411,1.29,41.48,4,10.37,0.28,,
2025-06-25,(TL) PP - Junio 2025 - T01,02_Estados Env칤o Gratis,02 - Carrito,6,6,1,0.13,,,,,
2025-06-25,(TL) PP - Junio 2025 - T01,01_Estados Env칤o Gratis -,01 - Testimonio,1764,2329,1.32,85.62,31,2.76,1.33,10,8.56
2025-06-25,(TL) PP - Junio 2025 - T01,03_Estados Env칤o Gratis,01 - VS,470,528,1.12,25.16,7,3.59,1.33,4,6.29
2025-06-26,游끥 (Abril 2025) Llantas 4X3 - T01,01_Toluca_Abierto,游끥 (Abril) Continental 4x3,1814,2074,1.14,39.4,31,1.27,1.49,13,3.03
2025-06-26,游끥 (Abril 2025) Llantas 4X3 - T01,01_Toluca_Abierto,游끥 (Abril) Tornel 4x3,3334,4099,1.23,58.95,39,1.51,0.95,18,3.28
2025-06-26,游끥 (Abril 2025) Amortiguadores - T01,01_Toluca_Abierto,游끥 (Abril) Amortiguadores,6048,7326,1.21,95.28,37,2.58,0.51,21,4.54
2025-06-26,(Local) Campa침a Caf칠 Gratis - Junio 2025,Conjunto de anuncios Crear anuncios que inicien conversaciones en WhatsApp 13/06/2025,Anuncio Crear anuncios que inicien conversaciones en WhatsApp 13/06/2025,1049,1480,1.41,48.52,5,9.7,0.34,1,48.52
2025-06-26,(TL) PP - Junio 2025 - T01,02_Estados Env칤o Gratis,02 - Carrito,4,4,1,0.14,,,,,
2025-06-26,(TL) PP - Junio 2025 - T01,01_Estados Env칤o Gratis -,01 - Testimonio,1777,2068,1.16,78.93,21,3.76,1.02,11,7.18
2025-06-26,(TL) PP - Junio 2025 - T01,03_Estados Env칤o Gratis,01 - VS,517,592,1.15,19.15,4,4.79,0.68,1,19.15
2025-06-27,游끥 (Abril 2025) Llantas 4X3 - T01,01_Toluca_Abierto,游끥 (Abril) Continental 4x3,1846,2064,1.12,39.56,28,1.41,1.36,14,2.83
2025-06-27,游끥 (Abril 2025) Llantas 4X3 - T01,01_Toluca_Abierto,游끥 (Abril) Tornel 4x3,2953,3701,1.25,63.03,55,1.15,1.49,23,2.74
2025-06-27,游끥 (Abril 2025) Amortiguadores - T01,01_Toluca_Abierto,游끥 (Abril) Amortiguadores,5820,6659,1.14,100.95,49,2.06,0.74,24,4.21
2025-06-27,(Local) Campa침a Caf칠 Gratis - Junio 2025,Conjunto de anuncios Crear anuncios que inicien conversaciones en WhatsApp 13/06/2025,Anuncio Crear anuncios que inicien conversaciones en WhatsApp 13/06/2025,1240,1614,1.3,51.63,11,4.69,0.68,1,51.63
2025-06-27,(TL) PP - Junio 2025 - T01,02_Estados Env칤o Gratis,02 - Carrito,2,2,1,0.07,,,,,
2025-06-27,(TL) PP - Junio 2025 - T01,01_Estados Env칤o Gratis -,01 - Testimonio,1358,1703,1.25,81.69,27,3.03,1.59,11,7.43
2025-06-27,(TL) PP - Junio 2025 - T01,03_Estados Env칤o Gratis,01 - VS,311,343,1.1,17.86,2,8.93,0.58,1,17.86
2025-06-28,游끥 (Abril 2025) Llantas 4X3 - T01,01_Toluca_Abierto,游끥 (Abril) Continental 4x3,1224,1373,1.12,23.84,20,1.19,1.46,10,2.38
2025-06-28,游끥 (Abril 2025) Llantas 4X3 - T01,01_Toluca_Abierto,游끥 (Abril) Tornel 4x3,2976,3668,1.23,58.11,57,1.02,1.55,28,2.08
2025-06-28,游끥 (Abril 2025) Amortiguadores - T01,01_Toluca_Abierto,游끥 (Abril) Amortiguadores,6219,6883,1.11,86.73,43,2.02,0.62,12,7.23
2025-06-28,(Local) Campa침a Caf칠 Gratis - Junio 2025,Conjunto de anuncios Crear anuncios que inicien conversaciones en WhatsApp 13/06/2025,Anuncio Crear anuncios que inicien conversaciones en WhatsApp 13/06/2025,1133,1457,1.29,44.88,6,7.48,0.41,1,44.88
2025-06-28,(TL) PP - Junio 2025 - T01,02_Estados Env칤o Gratis,02 - Carrito,1,1,1,0,,,,,
2025-06-28,(TL) PP - Junio 2025 - T01,01_Estados Env칤o Gratis -,01 - Testimonio,1510,1861,1.23,87.57,32,2.74,1.72,7,12.51
2025-06-28,(TL) PP - Junio 2025 - T01,03_Estados Env칤o Gratis,01 - VS,85,102,1.2,3.96,1,3.96,0.98,1,3.96
2025-06-29,游끥 (Abril 2025) Llantas 4X3 - T01,01_Toluca_Abierto,游끥 (Abril) Continental 4x3,2127,2381,1.12,39.36,17,2.32,0.71,4,9.84
2025-06-29,游끥 (Abril 2025) Llantas 4X3 - T01,01_Toluca_Abierto,游끥 (Abril) Tornel 4x3,4434,5338,1.2,74.08,57,1.3,1.07,22,3.37
2025-06-29,游끥 (Abril 2025) Amortiguadores - T01,01_Toluca_Abierto,游끥 (Abril) Amortiguadores,8393,9459,1.13,112.24,52,2.16,0.55,19,5.91
2025-06-29,(Local) Campa침a Caf칠 Gratis - Junio 2025,Conjunto de anuncios Crear anuncios que inicien conversaciones en WhatsApp 13/06/2025,Anuncio Crear anuncios que inicien conversaciones en WhatsApp 13/06/2025,1453,1886,1.3,59.52,9,6.61,0.48,2,29.76
2025-06-29,(TL) PP - Junio 2025 - T01,01_Estados Env칤o Gratis -,01 - Testimonio,1845,2327,1.26,111.97,31,3.61,1.33,15,7.46
2025-06-29,(TL) PP - Junio 2025 - T01,03_Estados Env칤o Gratis,01 - VS,33,35,1.06,1.38,,,,,
2025-06-30,游끥 (Abril 2025) Llantas 4X3 - T01,01_Toluca_Abierto,游끥 (Abril) Continental 4x3,1215,1345,1.11,32.23,22,1.47,1.64,9,3.58
2025-06-30,游끥 (Abril 2025) Llantas 4X3 - T01,01_Toluca_Abierto,游끥 (Abril) Tornel 4x3,4361,5652,1.3,80.2,63,1.27,1.11,33,2.43
2025-06-30,游끥 (Abril 2025) Amortiguadores - T01,01_Toluca_Abierto,游끥 (Abril) Amortiguadores,7672,8533,1.11,108.33,53,2.04,0.62,17,6.37
2025-06-30,(Local) Campa침a Caf칠 Gratis - Junio 2025,Conjunto de anuncios Crear anuncios que inicien conversaciones en WhatsApp 13/06/2025,Anuncio Crear anuncios que inicien conversaciones en WhatsApp 13/06/2025,273,307,1.12,9.97,4,2.49,1.3,,
2025-06-30,(TL) PP - Junio 2025 - T01,01_Estados Env칤o Gratis -,01 - Testimonio,1779,2230,1.25,104.79,37,2.83,1.66,14,7.49
2025-06-30,(TL) PP - Junio 2025 - T01,03_Estados Env칤o Gratis,01 - VS,20,21,1.05,0.88,2,0.44,9.52,1,0.88
2025-07-01,游끥 (Abril 2025) Llantas 4X3 - T01,01_Toluca_Abierto,游끥 (Abril) Continental 4x3,1074,1254,1.17,26,19,1.37,1.52,10,2.6
2025-07-01,游끥 (Abril 2025) Llantas 4X3 - T01,01_Toluca_Abierto,游끥 (Abril) Tornel 4x3,4744,6060,1.28,74.06,56,1.32,0.92,23,3.22
2025-07-01,游끥 (Abril 2025) Amortiguadores - T01,01_Toluca_Abierto,游끥 (Abril) Amortiguadores,8387,9478,1.13,99.1,52,1.91,0.55,21,4.72
2025-07-01,(TL) PP - Junio 2025 - T01,01_Estados Env칤o Gratis -,01 - Testimonio,1832,2417,1.32,96.07,22,4.37,0.91,14,6.86
2025-07-01,(TL) PP - Junio 2025 - T01,03_Estados Env칤o Gratis,01 - VS,24,26,1.08,3.51,,,,,
2025-07-02,游끥 (Abril 2025) Llantas 4X3 - T01,01_Toluca_Abierto,游끥 (Abril) Continental 4x3,1330,1553,1.17,29.69,25,1.19,1.61,12,2.47
2025-07-02,游끥 (Abril 2025) Llantas 4X3 - T01,01_Toluca_Abierto,游끥 (Abril) Tornel 4x3,3757,4776,1.27,65.37,59,1.11,1.24,21,3.11
2025-07-02,游끥 (Abril 2025) Amortiguadores - T01,01_Toluca_Abierto,游끥 (Abril) Amortiguadores,7389,8512,1.15,94.7,55,1.72,0.65,25,3.79
2025-07-02,(TL) PP - Junio 2025 - T01,02_Estados Env칤o Gratis,02 - Carrito,3,3,1,0.03,,,,,
2025-07-02,(TL) PP - Junio 2025 - T01,01_Estados Env칤o Gratis -,01 - Testimonio,1897,2298,1.21,90.62,26,3.49,1.13,11,8.24
2025-07-02,(TL) PP - Junio 2025 - T01,03_Estados Env칤o Gratis,01 - VS,33,33,1,1.6,,,,,
2025-07-03,游끥 (Abril 2025) Llantas 4X3 - T01,01_Toluca_Abierto,游끥 (Abril) Continental 4x3,878,973,1.11,15.9,9,1.77,0.92,2,7.95
2025-07-03,游끥 (Abril 2025) Llantas 4X3 - T01,01_Toluca_Abierto,游끥 (Abril) Tornel 4x3,2135,2564,1.2,32.53,27,1.2,1.05,11,2.96
2025-07-03,游끥 (Abril 2025) Amortiguadores - T01,01_Toluca_Abierto,游끥 (Abril) Amortiguadores,5731,6551,1.14,82.31,41,2.01,0.63,21,3.92
2025-07-03,(TL) PP - Junio 2025 - T01,01_Estados Env칤o Gratis -,01 - Testimonio,1410,1771,1.26,78.06,32,2.44,1.81,7,11.15
2025-07-03,(TL) PP - Junio 2025 - T01,03_Estados Env칤o Gratis,01 - VS,13,13,1,1.51,,,,,
2025-07-03,NS (Julio 2025) Amortiguadores - T01,01_Toluca_Abierto,Img1_Copy1,1514,1606,1.06,22.79,14,1.63,0.87,5,4.56
2025-07-03,NS (Julio 2025) Amortiguadores - T01,01_Toluca_Abierto,Img2_Copy1,86,96,1.12,2.23,1,2.23,1.04,1,2.23
2025-07-03,NS (Julio 2025) Amortiguadores - T01,01_Toluca_Abierto,Img3_Copy1,597,653,1.09,11.06,7,1.58,1.07,3,3.69
2025-07-03,NS (Julio 2025) Llantas- T01,01_Toluca_Abierto,Img1_Copy1,101,109,1.08,2.38,1,2.38,0.92,,
2025-07-03,NS (Julio 2025) Llantas- T01,01_Toluca_Abierto,Img2_Copy1,367,406,1.11,12.79,6,2.13,1.48,4,3.2
2025-07-03,NS (Julio 2025) Llantas- T01,01_Toluca_Abierto,Img3_Copy1,809,929,1.15,18.35,8,2.29,0.86,3,6.12
2025-07-04,游끥 (Abril 2025) Amortiguadores - T01,01_Toluca_Abierto,游끥 (Abril) Amortiguadores,0,0,0,0,,,,1,0
2025-07-05,游끥 (Abril 2025) Llantas 4X3 - T01,01_Toluca_Abierto,游끥 (Abril) Tornel 4x3,0,0,0,0,,,,1,0
2025-07-05,(TL) PP - Junio 2025 - T01,01_Estados Env칤o Gratis -,01 - Testimonio,0,0,0,0,,,,1,0
2025-07-08,(TL) PP - Junio 2025 - T01,02_Estados Env칤o Gratis,02 - Carrito,35,37,1.06,2.85,,,,,
2025-07-08,(TL) PP - Junio 2025 - T01,01_Estados Env칤o Gratis -,01 - Testimonio,1950,2235,1.15,119.32,33,3.62,1.48,9,13.26
2025-07-08,(TL) PP - Junio 2025 - T01,03_Estados Env칤o Gratis,01 - VS,361,395,1.09,18.4,6,3.07,1.52,4,4.6
2025-07-08,NS (Julio 2025) Llantas- T01,01_Toluca_Abierto,Img1_Copy1,2704,2816,1.04,49.53,24,2.06,0.85,9,5.5
2025-07-08,NS (Julio 2025) Llantas- T01,01_Toluca_Abierto,Img2_Copy1,1584,1742,1.1,35.57,16,2.22,0.92,6,5.93
2025-07-08,NS (Julio 2025) Llantas- T01,01_Toluca_Abierto,Img3_Copy1,3255,3549,1.09,88.66,28,3.17,0.79,12,7.39
2025-07-09,(TL) PP - Junio 2025 - T01,02_Estados Env칤o Gratis,02 - Carrito,30,35,1.17,3.76,,,,,
2025-07-09,(TL) PP - Junio 2025 - T01,01_Estados Env칤o Gratis -,01 - Testimonio,2009,2706,1.35,127.81,54,2.37,2,11,11.62
2025-07-09,(TL) PP - Junio 2025 - T01,03_Estados Env칤o Gratis,01 - VS,319,377,1.18,14.1,5,2.82,1.33,3,4.7
2025-07-09,NS (Julio 2025) Llantas- T01,01_Toluca_Abierto,Img1_Copy1,4120,5409,1.31,100.72,73,1.38,1.35,38,2.65
2025-07-09,NS (Julio 2025) Llantas- T01,01_Toluca_Abierto,Img2_Copy1,457,548,1.2,15.23,5,3.05,0.91,2,7.62
2025-07-09,NS (Julio 2025) Llantas- T01,01_Toluca_Abierto,Img3_Copy1,1202,1510,1.26,44.65,23,1.94,1.52,13,3.43
2025-07-10,游끥 (Abril 2025) Cami칩n - T01,02_Toluca_Abierto,游끥 (Abril) 11R22.5,1895,2151,1.14,48.57,13,3.74,0.6,2,24.29
2025-07-10,游끥 (Abril 2025) Cami칩n - T01,04_Toluca_Abierto,游끥 (Abril) 11R22.5,5246,6243,1.19,125.41,50,2.51,0.8,14,8.96
2025-07-10,(TL) PP - Junio 2025 - T01,02_Estados Env칤o Gratis,02 - Carrito,9,9,1,0.14,,,,,
2025-07-10,(TL) PP - Junio 2025 - T01,01_Estados Env칤o Gratis -,01 - Testimonio,2288,2876,1.26,133.42,43,3.1,1.5,13,10.26
2025-07-10,(TL) PP - Junio 2025 - T01,03_Estados Env칤o Gratis,01 - VS,179,200,1.12,6.54,2,3.27,1,,
2025-07-10,NS (Julio 2025) Llantas- T01,01_Toluca_Abierto,Img1_Copy1,5772,6978,1.21,114.36,67,1.71,0.96,32,3.57
2025-07-10,NS (Julio 2025) Llantas- T01,01_Toluca_Abierto,Img2_Copy1,87,96,1.1,2.44,1,2.44,1.04,1,2.44
2025-07-10,NS (Julio 2025) Llantas- T01,01_Toluca_Abierto,Img3_Copy1,415,508,1.22,20.09,9,2.23,1.77,5,4.02
2025-07-11,游끥 (Abril 2025) Cami칩n - T01,02_Toluca_Abierto,游끥 (Abril) 11R22.5,337,431,1.28,14.32,2,7.16,0.46,,
2025-07-11,游끥 (Abril 2025) Cami칩n - T01,04_Toluca_Abierto,游끥 (Abril) 11R22.5,5560,7950,1.43,157.23,72,2.18,0.91,19,8.28
2025-07-11,(TL) PP - Junio 2025 - T01,02_Estados Env칤o Gratis,02 - Carrito,2,2,1,0.09,,,,,
2025-07-11,(TL) PP - Junio 2025 - T01,01_Estados Env칤o Gratis -,01 - Testimonio,2088,2612,1.25,139.9,37,3.78,1.42,13,10.76
2025-07-11,(TL) PP - Junio 2025 - T01,03_Estados Env칤o Gratis,01 - VS,102,115,1.13,5.94,3,1.98,2.61,,
2025-07-11,NS (Julio 2025) Llantas- T01,01_Toluca_Abierto,Img1_Copy1,4704,5643,1.2,90.65,46,1.97,0.82,20,4.53
2025-07-11,NS (Julio 2025) Llantas- T01,01_Toluca_Abierto,Img2_Copy1,147,163,1.11,2.9,1,2.9,0.61,,
2025-07-11,NS (Julio 2025) Llantas- T01,01_Toluca_Abierto,Img3_Copy1,714,837,1.17,23.36,11,2.12,1.31,8,2.92
2025-07-12,游끥 (Abril 2025) Cami칩n - T01,02_Toluca_Abierto,游끥 (Abril) 11R22.5,173,196,1.13,4.86,1,4.86,0.51,,
2025-07-12,游끥 (Abril 2025) Cami칩n - T01,04_Toluca_Abierto,游끥 (Abril) 11R22.5,7159,10071,1.41,168.38,67,2.51,0.67,20,8.42
2025-07-12,(TL) PP - Junio 2025 - T01,02_Estados Env칤o Gratis,02 - Carrito,1,1,1,0.02,,,,,
2025-07-12,(TL) PP - Junio 2025 - T01,01_Estados Env칤o Gratis -,01 - Testimonio,1852,2243,1.21,120.37,23,5.23,1.03,9,13.37
2025-07-12,(TL) PP - Junio 2025 - T01,03_Estados Env칤o Gratis,01 - VS,134,154,1.15,7.34,3,2.45,1.95,1,7.34
2025-07-12,NS (Julio 2025) Llantas- T01,01_Toluca_Abierto,Img1_Copy1,4010,4707,1.17,80.74,44,1.84,0.93,20,4.04
2025-07-12,NS (Julio 2025) Llantas- T01,01_Toluca_Abierto,Img2_Copy1,84,91,1.08,2.2,2,1.1,2.2,,
2025-07-12,NS (Julio 2025) Llantas- T01,01_Toluca_Abierto,Img3_Copy1,884,1100,1.24,28.9,13,2.22,1.18,6,4.82
2025-07-13,游끥 (Abril 2025) Cami칩n - T01,02_Toluca_Abierto,游끥 (Abril) 11R22.5,253,309,1.22,6.07,1,6.07,0.32,1,6.07
2025-07-13,游끥 (Abril 2025) Cami칩n - T01,04_Toluca_Abierto,游끥 (Abril) 11R22.5,5364,6959,1.3,109.29,27,4.05,0.39,7,15.61
2025-07-13,(TL) PP - Junio 2025 - T01,02_Estados Env칤o Gratis,02 - Carrito,2,3,1.5,0.13,,,,,
2025-07-13,(TL) PP - Junio 2025 - T01,01_Estados Env칤o Gratis -,01 - Testimonio,1497,1858,1.24,111.5,36,3.1,1.94,16,6.97
2025-07-13,(TL) PP - Junio 2025 - T01,03_Estados Env칤o Gratis,01 - VS,139,161,1.16,7.29,,,,,
2025-07-13,NS (Julio 2025) Llantas- T01,01_Toluca_Abierto,Img1_Copy1,2052,2417,1.18,46.74,23,2.03,0.95,8,5.84
2025-07-13,NS (Julio 2025) Llantas- T01,01_Toluca_Abierto,Img2_Copy1,19,20,1.05,0.35,,,,,
2025-07-13,NS (Julio 2025) Llantas- T01,01_Toluca_Abierto,Img3_Copy1,2408,3056,1.27,66.25,31,2.14,1.01,12,5.52
2025-07-14,游끥 (Abril 2025) Cami칩n - T01,02_Toluca_Abierto,游끥 (Abril) 11R22.5,365,404,1.11,6.56,2,3.28,0.5,3,2.19
2025-07-14,游끥 (Abril 2025) Cami칩n - T01,04_Toluca_Abierto,游끥 (Abril) 11R22.5,5715,7066,1.24,95.94,35,2.74,0.5,4,23.99
2025-07-14,(TL) PP - Junio 2025 - T01,02_Estados Env칤o Gratis,02 - Carrito,1,1,1,0.01,,,,,
2025-07-14,(TL) PP - Junio 2025 - T01,01_Estados Env칤o Gratis -,01 - Testimonio,1376,1570,1.14,90.91,26,3.5,1.66,12,7.58
2025-07-14,(TL) PP - Junio 2025 - T01,03_Estados Env칤o Gratis,01 - VS,123,145,1.18,6.74,3,2.25,2.07,,
2025-07-14,NS (Julio 2025) Llantas- T01,01_Toluca_Abierto,Img1_Copy1,2199,2518,1.15,46.66,26,1.79,1.03,15,3.11
2025-07-14,NS (Julio 2025) Llantas- T01,01_Toluca_Abierto,Img2_Copy1,23,23,1,0.61,1,0.61,4.35,1,0.61
2025-07-14,NS (Julio 2025) Llantas- T01,01_Toluca_Abierto,Img3_Copy1,2376,2809,1.18,61.76,27,2.29,0.96,15,4.12
2025-07-15,游끥 (Abril 2025) Cami칩n - T01,02_Toluca_Abierto,游끥 (Abril) 11R22.5,704,856,1.22,13.83,2,6.92,0.23,,
2025-07-15,游끥 (Abril 2025) Cami칩n - T01,04_Toluca_Abierto,游끥 (Abril) 11R22.5,4188,5352,1.28,86.7,36,2.41,0.67,4,21.68
2025-07-15,(TL) PP - Junio 2025 - T01,02_Estados Env칤o Gratis,02 - Carrito,1,1,1,0.02,,,,,
2025-07-15,(TL) PP - Junio 2025 - T01,01_Estados Env칤o Gratis -,01 - Testimonio,969,1248,1.29,68.21,19,3.59,1.52,2,34.1
2025-07-15,(TL) PP - Junio 2025 - T01,03_Estados Env칤o Gratis,01 - VS,55,61,1.11,3.74,2,1.87,3.28,,
2025-07-15,NS (Julio 2025) Llantas- T01,01_Toluca_Abierto,Img1_Copy1,1749,2122,1.21,46.7,24,1.95,1.13,7,6.67
2025-07-15,NS (Julio 2025) Llantas- T01,01_Toluca_Abierto,Img2_Copy1,74,86,1.16,1.5,,,,,
2025-07-15,NS (Julio 2025) Llantas- T01,01_Toluca_Abierto,Img3_Copy1,1763,2126,1.21,51.71,23,2.25,1.08,5,10.34
2025-07-16,游끥 (Abril 2025) Cami칩n - T01,02_Toluca_Abierto,游끥 (Abril) 11R22.5,401,456,1.14,8.03,5,1.61,1.1,,
2025-07-16,游끥 (Abril 2025) Cami칩n - T01,04_Toluca_Abierto,游끥 (Abril) 11R22.5,4003,5092,1.27,88.94,24,3.71,0.47,12,7.41
2025-07-16,(TL) PP - Junio 2025 - T01,01_Estados Env칤o Gratis -,01 - Testimonio,1018,1251,1.23,69.76,22,3.17,1.76,13,5.37
2025-07-16,(TL) PP - Junio 2025 - T01,03_Estados Env칤o Gratis,01 - VS,49,54,1.1,1.48,,,,2,0.74
2025-07-16,NS (Julio 2025) Llantas- T01,01_Toluca_Abierto,Img1_Copy1,1902,2288,1.2,44.76,21,2.13,0.92,19,2.36
2025-07-16,NS (Julio 2025) Llantas- T01,01_Toluca_Abierto,Img2_Copy1,33,35,1.06,0.84,,,,,
2025-07-16,NS (Julio 2025) Llantas- T01,01_Toluca_Abierto,Img3_Copy1,2001,2333,1.17,50.77,20,2.54,0.86,13,3.91
2025-07-17,游끥 (Abril 2025) Cami칩n - T01,02_Toluca_Abierto,游끥 (Abril) 11R22.5,91,103,1.13,1.95,1,1.95,0.97,2,0.98
2025-07-17,游끥 (Abril 2025) Cami칩n - T01,04_Toluca_Abierto,游끥 (Abril) 11R22.5,4188,5542,1.32,95.08,33,2.88,0.6,12,7.92
2025-07-17,(TL) PP - Junio 2025 - T01,02_Estados Env칤o Gratis,02 - Carrito,2,2,1,0.1,,,,,
2025-07-17,(TL) PP - Junio 2025 - T01,01_Estados Env칤o Gratis -,01 - Testimonio,1112,1331,1.2,70.04,23,3.05,1.73,8,8.76
2025-07-17,(TL) PP - Junio 2025 - T01,03_Estados Env칤o Gratis,01 - VS,32,32,1,1.32,,,,,
2025-07-17,NS (Julio 2025) Llantas- T01,01_Toluca_Abierto,Img1_Copy1,2580,3198,1.24,63.29,37,1.71,1.16,20,3.16
2025-07-17,NS (Julio 2025) Llantas- T01,01_Toluca_Abierto,Img2_Copy1,16,18,1.13,0.29,,,,,
2025-07-17,NS (Julio 2025) Llantas- T01,01_Toluca_Abierto,Img3_Copy1,1010,1119,1.11,29.78,18,1.65,1.61,8,3.72
2025-07-18,游끥 (Abril 2025) Cami칩n - T01,04_Toluca_Abierto,游끥 (Abril) 11R22.5,4408,5838,1.32,99.21,38,2.61,0.65,10,9.92
2025-07-18,(TL) PP - Junio 2025 - T01,02_Estados Env칤o Gratis,02 - Carrito,4,4,1,0.3,,,,,
2025-07-18,(TL) PP - Junio 2025 - T01,01_Estados Env칤o Gratis -,01 - Testimonio,1046,1212,1.16,63.72,19,3.35,1.57,6,10.62
2025-07-18,(TL) PP - Junio 2025 - T01,03_Estados Env칤o Gratis,01 - VS,27,27,1,1.68,1,1.68,3.7,,
2025-07-18,NS (Julio 2025) Llantas- T01,01_Toluca_Abierto,Img1_Copy1,2937,3594,1.22,67.69,43,1.57,1.2,22,3.08
2025-07-18,NS (Julio 2025) Llantas- T01,01_Toluca_Abierto,Img3_Copy1,857,1008,1.18,30.73,21,1.46,2.08,9,3.41
2025-07-19,游끥 (Abril 2025) Cami칩n - T01,04_Toluca_Abierto,游끥 (Abril) 11R22.5,3274,4586,1.4,88.1,39,2.26,0.85,18,4.89
2025-07-19,(TL) PP - Junio 2025 - T01,02_Estados Env칤o Gratis,02 - Carrito,1,1,1,0.25,,,,,
2025-07-19,(TL) PP - Junio 2025 - T01,01_Estados Env칤o Gratis -,01 - Testimonio,619,752,1.21,44.21,15,2.95,1.99,7,6.32
2025-07-19,(TL) PP - Junio 2025 - T01,03_Estados Env칤o Gratis,01 - VS,24,25,1.04,3.19,,,,,
2025-07-19,NS (Julio 2025) Llantas- T01,01_Toluca_Abierto,Img1_Copy1,2294,2861,1.25,63.03,32,1.97,1.12,20,3.15
2025-07-19,NS (Julio 2025) Llantas- T01,01_Toluca_Abierto,Img3_Copy1,800,964,1.21,26.54,16,1.66,1.66,8,3.32
2025-07-20,游끥 (Abril 2025) Cami칩n - T01,04_Toluca_Abierto,游끥 (Abril) 11R22.5,5420,7042,1.3,121.47,67,1.81,0.95,15,8.1
2025-07-20,(TL) PP - Junio 2025 - T01,02_Estados Env칤o Gratis,02 - Carrito,17,19,1.12,1.64,,,,,
2025-07-20,(TL) PP - Junio 2025 - T01,01_Estados Env칤o Gratis -,01 - Testimonio,892,1109,1.24,70.57,19,3.71,1.71,7,10.08
2025-07-20,(TL) PP - Junio 2025 - T01,03_Estados Env칤o Gratis,01 - VS,93,102,1.1,6.19,,,,,
2025-07-20,NS (Julio 2025) Llantas- T01,01_Toluca_Abierto,Img1_Copy1,3720,4389,1.18,75.48,47,1.61,1.07,20,3.77
2025-07-20,NS (Julio 2025) Llantas- T01,01_Toluca_Abierto,Img3_Copy1,1619,1855,1.15,43.89,18,2.44,0.97,10,4.39
2025-07-21,游끥 (Abril 2025) Cami칩n - T01,04_Toluca_Abierto,游끥 (Abril) 11R22.5,5577,7060,1.27,100.45,53,1.9,0.75,18,5.58
2025-07-21,(TL) PP - Junio 2025 - T01,02_Estados Env칤o Gratis,02 - Carrito,10,11,1.1,0.4,,,,,
2025-07-21,(TL) PP - Junio 2025 - T01,01_Estados Env칤o Gratis -,01 - Testimonio,1048,1212,1.16,67.43,13,5.19,1.07,3,22.48
2025-07-21,(TL) PP - Junio 2025 - T01,03_Estados Env칤o Gratis,01 - VS,86,96,1.12,7.84,1,7.84,1.04,,
2025-07-21,NS (Julio 2025) Llantas- T01,01_Toluca_Abierto,Img1_Copy1,2904,3332,1.15,67.42,46,1.47,1.38,22,3.06
2025-07-21,NS (Julio 2025) Llantas- T01,01_Toluca_Abierto,Img3_Copy1,1612,1827,1.13,46.21,29,1.59,1.59,13,3.55
2025-07-22,游끥 (Abril 2025) Cami칩n - T01,04_Toluca_Abierto,游끥 (Abril) 11R22.5,6396,8112,1.27,107.79,62,1.74,0.76,14,7.7
2025-07-22,(TL) PP - Junio 2025 - T01,01_Estados Env칤o Gratis -,01 - Testimonio,896,1094,1.22,61.34,20,3.07,1.83,10,6.13
2025-07-22,(TL) PP - Junio 2025 - T01,03_Estados Env칤o Gratis,01 - VS,76,88,1.16,6.42,3,2.14,3.41,1,6.42
2025-07-22,NS (Julio 2025) Llantas- T01,01_Toluca_Abierto,Img1_Copy1,2552,2968,1.16,57.26,34,1.68,1.15,14,4.09
2025-07-22,NS (Julio 2025) Llantas- T01,01_Toluca_Abierto,Img3_Copy1,1478,1753,1.19,40.99,23,1.78,1.31,15,2.73
2025-07-23,游끥 (Abril 2025) Cami칩n - T01,04_Toluca_Abierto,游끥 (Abril) 11R22.5,4569,6271,1.37,89.79,52,1.73,0.83,19,4.73
2025-07-23,(TL) PP - Junio 2025 - T01,01_Estados Env칤o Gratis -,01 - Testimonio,996,1188,1.19,73.18,19,3.85,1.6,9,8.13
2025-07-23,(TL) PP - Junio 2025 - T01,03_Estados Env칤o Gratis,01 - VS,42,43,1.02,1.86,,,,1,1.86
2025-07-23,NS (Julio 2025) Llantas- T01,01_Toluca_Abierto,Img1_Copy1,2282,2626,1.15,46.89,51,0.92,1.94,22,2.13
2025-07-23,NS (Julio 2025) Llantas- T01,01_Toluca_Abierto,Img3_Copy1,1550,1817,1.17,42.57,25,1.7,1.38,15,2.84
2025-07-24,游끥 (Abril 2025) Cami칩n - T01,04_Toluca_Abierto,游끥 (Abril) 11R22.5,93,110,1.18,1.97,,,,,
2025-07-24,(TL) PP - Junio 2025 - T01,01_Estados Env칤o Gratis -,01 - Testimonio,65,69,1.06,3.31,1,3.31,1.45,,
2025-07-24,(TL) PP - Junio 2025 - T01,03_Estados Env칤o Gratis,01 - VS,2,2,1,0.01,,,,,
2025-07-24,NS (Julio 2025) Llantas- T01,01_Toluca_Abierto,Img1_Copy1,51,52,1.02,1.04,,,,1,1.04
2025-07-24,NS (Julio 2025) Llantas- T01,01_Toluca_Abierto,Img3_Copy1,26,26,1,1.4,,,,1,1.4
2025-07-26,游끥 (Abril 2025) Cami칩n - T01,04_Toluca_Abierto,游끥 (Abril) 11R22.5,0,0,0,0,,,,,
2025-07-28,游끥 (Abril 2025) Cami칩n - T01,04_Toluca_Abierto,游끥 (Abril) 11R22.5,5463,6842,1.25,132.65,69,1.92,1.01,14,9.48
2025-07-28,NS (Julio 2025) Llantas- T01,01_Toluca_Abierto,Img1_Copy1,3140,3614,1.15,71.71,28,2.56,0.77,13,5.52
2025-07-28,NS (Julio 2025) Llantas- T01,01_Toluca_Abierto,Img3_Copy1,2147,2525,1.18,54.75,30,1.83,1.19,14,3.91
2025-07-28,(TL) PP - Junio 2025 - T02,01_Estados Env칤o Gratis -,01 Lista de precios,547,579,1.06,17.96,9,2,1.55,4,4.49
2025-07-28,(TL) PP - Junio 2025 - T02,02_Estados Env칤o Gratis,02  Lista de precios,1426,1640,1.15,64.38,46,1.4,2.8,20,3.22
2025-07-28,(TL) PP - Junio 2025 - T02,03_Estados Env칤o Gratis,03 Lista de precios,122,138,1.13,3.57,,,,,
2025-07-29,游끥 (Abril 2025) Cami칩n - T01,04_Toluca_Abierto,游끥 (Abril) 11R22.5,4684,7185,1.53,144.13,64,2.25,0.89,10,14.41
2025-07-29,NS (Julio 2025) Llantas- T01,01_Toluca_Abierto,Img1_Copy1,3589,4274,1.19,86.41,63,1.37,1.47,33,2.62
2025-07-29,NS (Julio 2025) Llantas- T01,01_Toluca_Abierto,Img3_Copy1,2276,2746,1.21,64.12,41,1.56,1.49,22,2.91
2025-07-29,(TL) PP - Junio 2025 - T02,01_Estados Env칤o Gratis -,01 Lista de precios,168,179,1.07,4.09,9,0.45,5.03,1,4.09
2025-07-29,(TL) PP - Junio 2025 - T02,02_Estados Env칤o Gratis,02  Lista de precios,3192,4163,1.3,102.61,76,1.35,1.83,22,4.66
2025-07-29,(TL) PP - Junio 2025 - T02,03_Estados Env칤o Gratis,03 Lista de precios,38,41,1.08,1.13,,,,,
2025-07-30,游끥 (Abril 2025) Cami칩n - T01,04_Toluca_Abierto,游끥 (Abril) 11R22.5,5598,7259,1.3,116.81,52,2.25,0.72,15,7.79
2025-07-30,NS (Julio 2025) Llantas- T01,01_Toluca_Abierto,Img1_Copy1,3076,3657,1.19,66.88,48,1.39,1.31,25,2.68
2025-07-30,NS (Julio 2025) Llantas- T01,01_Toluca_Abierto,Img3_Copy1,2107,2545,1.21,57.79,24,2.41,0.94,10,5.78
2025-07-30,(TL) PP - Junio 2025 - T02,01_Estados Env칤o Gratis -,01 Lista de precios,88,90,1.02,3.43,,,,,
2025-07-30,(TL) PP - Junio 2025 - T02,02_Estados Env칤o Gratis,02  Lista de precios,2929,3428,1.17,85.81,58,1.48,1.69,16,5.36
2025-07-30,(TL) PP - Junio 2025 - T02,03_Estados Env칤o Gratis,03 Lista de precios,17,18,1.06,0.57,1,0.57,5.56,,
2025-07-31,游끥 (Abril 2025) Cami칩n - T01,04_Toluca_Abierto,游끥 (Abril) 11R22.5,4785,6495,1.36,109.8,59,1.86,0.91,17,6.46
2025-07-31,NS (Julio 2025) Llantas- T01,01_Toluca_Abierto,Img1_Copy1,3211,3848,1.2,65.13,56,1.16,1.46,33,1.97
2025-07-31,NS (Julio 2025) Llantas- T01,01_Toluca_Abierto,Img3_Copy1,1243,1435,1.15,38.5,26,1.48,1.81,15,2.57
2025-07-31,(TL) PP - Junio 2025 - T02,01_Estados Env칤o Gratis -,01 Lista de precios,338,354,1.05,12.67,8,1.58,2.26,3,4.22
2025-07-31,(TL) PP - Junio 2025 - T02,02_Estados Env칤o Gratis,02  Lista de precios,2542,3093,1.22,78.39,75,1.05,2.42,15,5.23
2025-07-31,(TL) PP - Junio 2025 - T02,03_Estados Env칤o Gratis,03 Lista de precios,116,124,1.07,5.37,3,1.79,2.42,1,5.37
2025-08-01,游끥 (Abril 2025) Cami칩n - T01,04_Toluca_Abierto,游끥 (Abril) 11R22.5,4902,7399,1.51,103.31,68,1.52,0.92,12,8.61
2025-08-01,NS (Julio 2025) Llantas- T01,01_Toluca_Abierto,Img1_Copy1,3948,4727,1.2,69.01,50,1.38,1.06,22,3.14
2025-08-01,NS (Julio 2025) Llantas- T01,01_Toluca_Abierto,Img3_Copy1,1416,1664,1.18,36.13,21,1.72,1.26,17,2.13
2025-08-01,(TL) PP - Junio 2025 - T02,01_Estados Env칤o Gratis -,01 Lista de precios,681,754,1.11,16.94,16,1.06,2.12,5,3.39
2025-08-01,(TL) PP - Junio 2025 - T02,02_Estados Env칤o Gratis,02  Lista de precios,2577,2988,1.16,63.14,56,1.13,1.87,24,2.63
2025-08-01,(TL) PP - Junio 2025 - T02,03_Estados Env칤o Gratis,03 Lista de precios,372,412,1.11,11.09,13,0.85,3.16,6,1.85
2025-08-02,游끥 (Abril 2025) Cami칩n - T01,04_Toluca_Abierto,游끥 (Abril) 11R22.5,5480,7066,1.29,92.55,69,1.34,0.98,17,5.44
2025-08-02,NS (Julio 2025) Llantas- T01,01_Toluca_Abierto,Img1_Copy1,4157,4928,1.19,58.43,39,1.5,0.79,19,3.08
2025-08-02,NS (Julio 2025) Llantas- T01,01_Toluca_Abierto,Img3_Copy1,1345,1596,1.19,30.63,16,1.91,1,6,5.1
2025-08-02,(TL) PP - Junio 2025 - T02,01_Estados Env칤o Gratis -,01 Lista de precios,893,1050,1.18,17.38,27,0.64,2.57,6,2.9
2025-08-02,(TL) PP - Junio 2025 - T02,02_Estados Env칤o Gratis,02  Lista de precios,1634,1791,1.1,39.33,31,1.27,1.73,10,3.93
2025-08-02,(TL) PP - Junio 2025 - T02,03_Estados Env칤o Gratis,03 Lista de precios,993,1164,1.17,27.35,22,1.24,1.89,4,6.84
2025-08-03,游끥 (Abril 2025) Cami칩n - T01,04_Toluca_Abierto,游끥 (Abril) 11R22.5,6025,7794,1.29,110.68,67,1.65,0.86,18,6.15
2025-08-03,NS (Julio 2025) Llantas- T01,01_Toluca_Abierto,Img1_Copy1,5026,6173,1.23,75.74,55,1.38,0.89,13,5.83
2025-08-03,NS (Julio 2025) Llantas- T01,01_Toluca_Abierto,Img3_Copy1,1295,1553,1.2,33.29,23,1.45,1.48,10,3.33
2025-08-03,(TL) PP - Junio 2025 - T02,01_Estados Env칤o Gratis -,01 Lista de precios,889,999,1.12,19.17,12,1.6,1.2,4,4.79
2025-08-03,(TL) PP - Junio 2025 - T02,02_Estados Env칤o Gratis,02  Lista de precios,2587,3045,1.18,54.59,41,1.33,1.35,12,4.55
2025-08-03,(TL) PP - Junio 2025 - T02,03_Estados Env칤o Gratis,03 Lista de precios,1565,1816,1.16,34.77,24,1.45,1.32,7,4.97
2025-08-04,游끥 (Abril 2025) Cami칩n - T01,04_Toluca_Abierto,游끥 (Abril) 11R22.5,4704,6077,1.29,82.93,64,1.3,1.05,16,5.18
2025-08-04,NS (Julio 2025) Llantas- T01,01_Toluca_Abierto,Img1_Copy1,4880,6045,1.24,72.38,51,1.42,0.84,22,3.29
2025-08-04,NS (Julio 2025) Llantas- T01,01_Toluca_Abierto,Img3_Copy1,1360,1629,1.2,34.38,28,1.23,1.72,15,2.29
2025-08-04,(TL) PP - Junio 2025 - T02,01_Estados Env칤o Gratis -,01 Lista de precios,538,613,1.14,11.8,14,0.84,2.28,3,3.93
2025-08-04,(TL) PP - Junio 2025 - T02,02_Estados Env칤o Gratis,02  Lista de precios,1990,2341,1.18,42.88,41,1.05,1.75,8,5.36
2025-08-04,(TL) PP - Junio 2025 - T02,03_Estados Env칤o Gratis,03 Lista de precios,1840,2162,1.18,51.2,40,1.28,1.85,12,4.27
2025-08-05,游끥 (Abril 2025) Cami칩n - T01,04_Toluca_Abierto,游끥 (Abril) 11R22.5,4837,7044,1.46,96.42,67,1.44,0.95,9,10.71
2025-08-05,NS (Julio 2025) Llantas- T01,01_Toluca_Abierto,Img1_Copy1,3391,4150,1.22,66.97,40,1.67,0.96,13,5.15
2025-08-05,NS (Julio 2025) Llantas- T01,01_Toluca_Abierto,Img3_Copy1,1432,1767,1.23,36.46,16,2.28,0.91,9,4.05
2025-08-05,(TL) PP - Junio 2025 - T02,01_Estados Env칤o Gratis -,01 Lista de precios,664,750,1.13,14.49,12,1.21,1.6,3,4.83
2025-08-05,(TL) PP - Junio 2025 - T02,02_Estados Env칤o Gratis,02  Lista de precios,1422,1694,1.19,37.57,29,1.3,1.71,11,3.42
2025-08-05,(TL) PP - Junio 2025 - T02,03_Estados Env칤o Gratis,03 Lista de precios,1707,1953,1.14,48.31,42,1.15,2.15,10,4.83
2025-08-06,游끥 (Abril 2025) Cami칩n - T01,04_Toluca_Abierto,游끥 (Abril) 11R22.5,5383,7634,1.42,114.71,80,1.43,1.05,17,6.75
2025-08-06,NS (Julio 2025) Llantas- T01,01_Toluca_Abierto,Img1_Copy1,4032,5176,1.28,65.3,41,1.59,0.79,14,4.66
2025-08-06,NS (Julio 2025) Llantas- T01,01_Toluca_Abierto,Img3_Copy1,1364,1655,1.21,33.4,21,1.59,1.27,6,5.57
2025-08-06,(TL) PP - Junio 2025 - T02,01_Estados Env칤o Gratis -,01 Lista de precios,676,780,1.15,13.15,11,1.2,1.41,4,3.29
2025-08-06,(TL) PP - Junio 2025 - T02,02_Estados Env칤o Gratis,02  Lista de precios,1374,1552,1.13,28.79,18,1.6,1.16,7,4.11
2025-08-06,(TL) PP - Junio 2025 - T02,03_Estados Env칤o Gratis,03 Lista de precios,2111,2526,1.2,62.02,43,1.44,1.7,12,5.17
2025-08-07,游끥 (Abril 2025) Cami칩n - T01,04_Toluca_Abierto,游끥 (Abril) 11R22.5,4655,7477,1.61,105.41,81,1.3,1.08,18,5.86
2025-08-07,NS (Julio 2025) Llantas- T01,01_Toluca_Abierto,Img1_Copy1,2917,3742,1.28,53.56,36,1.49,0.96,10,5.36
2025-08-07,NS (Julio 2025) Llantas- T01,01_Toluca_Abierto,Img3_Copy1,1518,1845,1.22,41.91,19,2.21,1.03,11,3.81
2025-08-07,(TL) PP - Junio 2025 - T02,01_Estados Env칤o Gratis -,01 Lista de precios,597,690,1.16,12.51,11,1.14,1.59,3,4.17
2025-08-07,(TL) PP - Junio 2025 - T02,02_Estados Env칤o Gratis,02  Lista de precios,1282,1422,1.11,29.75,25,1.19,1.76,7,4.25
2025-08-07,(TL) PP - Junio 2025 - T02,03_Estados Env칤o Gratis,03 Lista de precios,1725,2134,1.24,54.12,42,1.29,1.97,10,5.41
2025-08-08,游끥 (Abril 2025) Cami칩n - T01,04_Toluca_Abierto,游끥 (Abril) 11R22.5,4785,7056,1.47,103.26,65,1.59,0.92,5,20.65
2025-08-08,NS (Julio 2025) Llantas- T01,01_Toluca_Abierto,Img1_Copy1,2319,2988,1.29,54.48,28,1.95,0.94,15,3.63
2025-08-08,NS (Julio 2025) Llantas- T01,01_Toluca_Abierto,Img3_Copy1,1646,1969,1.2,44.97,19,2.37,0.96,10,4.5
2025-08-08,(TL) PP - Junio 2025 - T02,01_Estados Env칤o Gratis -,01 Lista de precios,669,741,1.11,13.3,11,1.21,1.48,1,13.3
2025-08-08,(TL) PP - Junio 2025 - T02,02_Estados Env칤o Gratis,02  Lista de precios,1643,1818,1.11,36.26,22,1.65,1.21,7,5.18
2025-08-08,(TL) PP - Junio 2025 - T02,03_Estados Env칤o Gratis,03 Lista de precios,1902,2161,1.14,53.42,37,1.44,1.71,8,6.68
2025-08-09,游끥 (Abril 2025) Cami칩n - T01,04_Toluca_Abierto,游끥 (Abril) 11R22.5,4891,6840,1.4,85.18,53,1.61,0.77,6,14.2
2025-08-09,NS (Julio 2025) Llantas- T01,01_Toluca_Abierto,Img1_Copy1,2637,3342,1.27,45.91,32,1.43,0.96,13,3.53
2025-08-09,NS (Julio 2025) Llantas- T01,01_Toluca_Abierto,Img3_Copy1,1533,1943,1.27,40.71,25,1.63,1.29,10,4.07
2025-08-09,(TL) PP - Junio 2025 - T02,01_Estados Env칤o Gratis -,01 Lista de precios,508,579,1.14,10.94,11,0.99,1.9,2,5.47
2025-08-09,(TL) PP - Junio 2025 - T02,02_Estados Env칤o Gratis,02  Lista de precios,1290,1450,1.12,32.29,19,1.7,1.31,7,4.61
2025-08-09,(TL) PP - Junio 2025 - T02,03_Estados Env칤o Gratis,03 Lista de precios,1466,1795,1.22,38.66,35,1.1,1.95,7,5.52
2025-08-10,游끥 (Abril 2025) Cami칩n - T01,04_Toluca_Abierto,游끥 (Abril) 11R22.5,5630,7608,1.35,116.56,109,1.07,1.43,13,8.97
2025-08-10,NS (Julio 2025) Llantas- T01,01_Toluca_Abierto,Img1_Copy1,4017,4905,1.22,64.03,45,1.42,0.92,17,3.77
2025-08-10,NS (Julio 2025) Llantas- T01,01_Toluca_Abierto,Img3_Copy1,1925,2295,1.19,49.89,25,2,1.09,13,3.84
2025-08-10,(TL) PP - Junio 2025 - T02,01_Estados Env칤o Gratis -,01 Lista de precios,826,1024,1.24,17.34,20,0.87,1.95,6,2.89
2025-08-10,(TL) PP - Junio 2025 - T02,02_Estados Env칤o Gratis,02  Lista de precios,1837,2117,1.15,51.17,39,1.31,1.84,13,3.94
2025-08-10,(TL) PP - Junio 2025 - T02,03_Estados Env칤o Gratis,03 Lista de precios,1877,2325,1.24,55.97,35,1.6,1.51,10,5.6
2025-08-11,游끥 (Abril 2025) Cami칩n - T01,04_Toluca_Abierto,游끥 (Abril) 11R22.5,7569,9647,1.27,140.42,102,1.38,1.06,10,14.04
2025-08-11,NS (Julio 2025) Llantas- T01,01_Toluca_Abierto,Img1_Copy1,4032,4759,1.18,77.01,40,1.93,0.84,23,3.35
2025-08-11,NS (Julio 2025) Llantas- T01,01_Toluca_Abierto,Img3_Copy1,1539,1832,1.19,39.96,20,2,1.09,8,5
2025-08-11,(TL) PP - Junio 2025 - T02,01_Estados Env칤o Gratis -,01 Lista de precios,1209,1439,1.19,26.42,30,0.88,2.08,7,3.77
2025-08-11,(TL) PP - Junio 2025 - T02,02_Estados Env칤o Gratis,02  Lista de precios,1543,1801,1.17,37.39,28,1.34,1.55,6,6.23
2025-08-11,(TL) PP - Junio 2025 - T02,03_Estados Env칤o Gratis,03 Lista de precios,1673,1937,1.16,41.87,33,1.27,1.7,5,8.37
2025-08-12,游끥 (Abril 2025) Cami칩n - T01,04_Toluca_Abierto,游끥 (Abril) 11R22.5,5865,6801,1.16,92.31,24,3.85,0.35,4,23.08
2025-08-12,NS (Julio 2025) Llantas- T01,01_Toluca_Abierto,Img1_Copy1,2418,2822,1.17,42.98,23,1.87,0.82,9,4.78
2025-08-12,NS (Julio 2025) Llantas- T01,01_Toluca_Abierto,Img3_Copy1,936,1107,1.18,25.42,18,1.41,1.63,5,5.08
2025-08-12,(TL) PP - Junio 2025 - T02,01_Estados Env칤o Gratis -,01 Lista de precios,920,1086,1.18,20.39,21,0.97,1.93,3,6.8
2025-08-12,(TL) PP - Junio 2025 - T02,02_Estados Env칤o Gratis,02  Lista de precios,1177,1374,1.17,30.62,24,1.28,1.75,6,5.1
2025-08-12,(TL) PP - Junio 2025 - T02,03_Estados Env칤o Gratis,03 Lista de precios,717,842,1.17,20.44,22,0.93,2.61,5,4.09
2025-08-13,游끥 (Abril 2025) Cami칩n - T01,04_Toluca_Abierto,游끥 (Abril) 11R22.5,80,87,1.09,1.16,2,0.58,2.3,,
2025-08-13,NS (Julio 2025) Llantas- T01,01_Toluca_Abierto,Img1_Copy1,45,51,1.13,0.93,,,,2,0.47
2025-08-13,NS (Julio 2025) Llantas- T01,01_Toluca_Abierto,Img3_Copy1,18,18,1,0.29,,,,,
2025-08-13,(TL) PP - Junio 2025 - T02,01_Estados Env칤o Gratis -,01 Lista de precios,19,23,1.21,0.36,,,,,
2025-08-13,(TL) PP - Junio 2025 - T02,02_Estados Env칤o Gratis,02  Lista de precios,21,23,1.1,0.62,,,,,
2025-08-13,(TL) PP - Junio 2025 - T02,03_Estados Env칤o Gratis,03 Lista de precios,12,13,1.08,0.27,1,0.27,7.69,,
2025-08-25,游끥 (Abril 2025) Cami칩n - T01,04_Toluca_Abierto,游끥 (Abril) 11R22.5,7200,8371,1.16,174.18,56,3.11,0.67,3,58.06
2025-08-25,NS (Julio 2025) Llantas- T01,01_Toluca_Abierto,Img1_Copy1,6422,6677,1.04,143.51,46,3.12,0.69,21,6.83
2025-08-25,NS (Julio 2025) Llantas- T01,01_Toluca_Abierto,Img3_Copy1,869,951,1.09,30.96,11,2.81,1.16,5,6.19
2025-08-25,(TL) PP - Junio 2025 - T02,01_Estados Env칤o Gratis -,01 Lista de precios,1485,1630,1.1,41.7,25,1.67,1.53,1,41.7
2025-08-25,(TL) PP - Junio 2025 - T02,02_Estados Env칤o Gratis,02  Lista de precios,1806,2003,1.11,55.39,34,1.63,1.7,12,4.62
2025-08-25,(TL) PP - Junio 2025 - T02,03_Estados Env칤o Gratis,03 Lista de precios,1840,1960,1.07,72.91,38,1.92,1.94,7,10.42
2025-08-26,游끥 (Abril 2025) Cami칩n - T01,04_Toluca_Abierto,游끥 (Abril) 11R22.5,4307,6292,1.46,130.5,53,2.46,0.84,13,10.04
2025-08-26,NS (Julio 2025) Llantas- T01,01_Toluca_Abierto,Img1_Copy1,2980,3718,1.25,88.57,45,1.97,1.21,19,4.66
2025-08-26,NS (Julio 2025) Llantas- T01,01_Toluca_Abierto,Img3_Copy1,1129,1397,1.24,43.38,26,1.67,1.86,12,3.62
2025-08-26,(TL) PP - Junio 2025 - T02,01_Estados Env칤o Gratis -,01 Lista de precios,1096,1360,1.24,34.62,35,0.99,2.57,7,4.95
2025-08-26,(TL) PP - Junio 2025 - T02,02_Estados Env칤o Gratis,02  Lista de precios,1897,2262,1.19,60.76,32,1.9,1.41,13,4.67
2025-08-26,(TL) PP - Junio 2025 - T02,03_Estados Env칤o Gratis,03 Lista de precios,1650,1933,1.17,57.11,41,1.39,2.12,5,11.42
2025-08-27,游끥 (Abril 2025) Cami칩n - T01,04_Toluca_Abierto,游끥 (Abril) 11R22.5,4166,6040,1.45,102.23,32,3.19,0.53,7,14.6
2025-08-27,NS (Julio 2025) Llantas- T01,01_Toluca_Abierto,Img1_Copy1,3245,3951,1.22,68.19,31,2.2,0.78,13,5.25
2025-08-27,NS (Julio 2025) Llantas- T01,01_Toluca_Abierto,Img3_Copy1,1993,2269,1.14,41.27,20,2.06,0.88,7,5.9
2025-08-27,(TL) PP - Junio 2025 - T02,01_Estados Env칤o Gratis -,01 Lista de precios,559,692,1.24,13.43,12,1.12,1.73,1,13.43
2025-08-27,(TL) PP - Junio 2025 - T02,02_Estados Env칤o Gratis,02  Lista de precios,1698,2138,1.26,51.82,54,0.96,2.53,13,3.99
2025-08-27,(TL) PP - Junio 2025 - T02,03_Estados Env칤o Gratis,03 Lista de precios,971,1185,1.22,35.78,24,1.49,2.03,8,4.47
2025-08-28,游끥 (Abril 2025) Cami칩n - T01,04_Toluca_Abierto,游끥 (Abril) 11R22.5,3808,5388,1.41,105.8,32,3.31,0.59,6,17.63
2025-08-28,NS (Julio 2025) Llantas- T01,01_Toluca_Abierto,Img1_Copy1,2279,2843,1.25,68.59,44,1.56,1.55,18,3.81
2025-08-28,NS (Julio 2025) Llantas- T01,01_Toluca_Abierto,Img3_Copy1,1038,1317,1.27,37.98,21,1.81,1.59,11,3.45
2025-08-28,(TL) PP - Junio 2025 - T02,01_Estados Env칤o Gratis -,01 Lista de precios,247,286,1.16,7.03,5,1.41,1.75,2,3.52
2025-08-28,(TL) PP - Junio 2025 - T02,02_Estados Env칤o Gratis,02  Lista de precios,1818,2257,1.24,57.04,36,1.58,1.6,10,5.7
2025-08-28,(TL) PP - Junio 2025 - T02,03_Estados Env칤o Gratis,03 Lista de precios,985,1257,1.28,38.28,30,1.28,2.39,5,7.66
2025-08-29,游끥 (Abril 2025) Cami칩n - T01,04_Toluca_Abierto,游끥 (Abril) 11R22.5,2925,3955,1.35,98.18,25,3.93,0.63,3,32.73
2025-08-29,NS (Julio 2025) Llantas- T01,01_Toluca_Abierto,Img1_Copy1,1882,2189,1.16,60.3,32,1.88,1.46,20,3.01
2025-08-29,NS (Julio 2025) Llantas- T01,01_Toluca_Abierto,Img3_Copy1,1008,1200,1.19,39.41,20,1.97,1.67,7,5.63
2025-08-29,(TL) PP - Junio 2025 - T02,01_Estados Env칤o Gratis -,01 Lista de precios,180,200,1.11,9.01,6,1.5,3,1,9.01
2025-08-29,(TL) PP - Junio 2025 - T02,02_Estados Env칤o Gratis,02  Lista de precios,1980,2386,1.21,77.33,73,1.06,3.06,16,4.83
2025-08-29,(TL) PP - Junio 2025 - T02,03_Estados Env칤o Gratis,03 Lista de precios,155,185,1.19,4.83,5,0.97,2.7,2,2.42
2025-08-30,游끥 (Abril 2025) Cami칩n - T01,04_Toluca_Abierto,游끥 (Abril) 11R22.5,3654,4754,1.3,89.11,32,2.78,0.67,10,8.91
2025-08-30,NS (Julio 2025) Llantas- T01,01_Toluca_Abierto,Img1_Copy1,1657,1947,1.18,50.59,18,2.81,0.92,10,5.06
2025-08-30,NS (Julio 2025) Llantas- T01,01_Toluca_Abierto,Img3_Copy1,682,818,1.2,27.11,13,2.09,1.59,5,5.42
2025-08-30,(TL) PP - Junio 2025 - T02,01_Estados Env칤o Gratis -,01 Lista de precios,220,248,1.13,9.18,5,1.84,2.02,1,9.18
2025-08-30,(TL) PP - Junio 2025 - T02,02_Estados Env칤o Gratis,02  Lista de precios,1830,2314,1.26,73.74,63,1.17,2.72,17,4.34
2025-08-31,游끥 (Abril 2025) Cami칩n - T01,04_Toluca_Abierto,游끥 (Abril) 11R22.5,4724,6728,1.42,123.52,41,3.01,0.61,13,9.5
2025-08-31,NS (Julio 2025) Llantas- T01,01_Toluca_Abierto,Img1_Copy1,2796,3533,1.26,73.98,47,1.57,1.33,18,4.11
2025-08-31,NS (Julio 2025) Llantas- T01,01_Toluca_Abierto,Img3_Copy1,1122,1390,1.24,43.98,15,2.93,1.08,5,8.8
2025-08-31,(TL) PP - Junio 2025 - T02,01_Estados Env칤o Gratis -,01 Lista de precios,717,838,1.17,24.48,23,1.06,2.74,5,4.9
2025-08-31,(TL) PP - Junio 2025 - T02,02_Estados Env칤o Gratis,02  Lista de precios,2904,3790,1.31,99.12,67,1.48,1.77,16,6.2